label,scalp_dura,trajectory,entry_ang,skull_ang,skull_thickness_mesh,traj_len_corr,skull_thickness_rater,thickness_diff
RAm,13.700000,41.300000,22.372000,26.442600,1.183000,42.778000,1.101000,0.082000
RAHc,9.600000,40.700000,14.142000,29.267800,2.459000,41.381000,0.894000,1.565000
RPHc,10.000000,40.600000,21.428000,15.886800,4.718000,41.649000,3.229000,1.489000
RLSL,11.600000,36.500000,1.814000,5.429100,4.490000,36.317000,2.703000,1.787000
RSupC,15.400000,31.000000,13.247000,18.719100,6.918000,30.912000,6.038000,0.880000
RPCg,13.300000,42.900000,12.228000,12.557200,5.490000,43.387000,4.769000,0.721000
RPIn,10.400000,31.000000,9.498000,13.171100,4.491000,31.345000,2.479000,2.012000
LHc,9.900000,40.700000,12.274000,13.764300,3.941000,41.114000,2.075000,1.866000
