label,scalp_dura,trajectory,entry_ang,skull_ang,skull_thickness_mesh,traj_len_corr,skull_thickness_rater,thickness_diff
RAm,17.000000,41.000000,16.556000,27.697300,3.239000,41.270000,1.642000,1.597000
RAHc,14.300000,40.700000,16.183000,19.619400,3.148000,42.151000,1.410000,1.738000
RPHc,13.500000,43.800000,8.438000,10.511800,4.816000,44.299000,2.173000,2.643000
ROFr,20.500000,51.500000,35.403000,45.709600,7.940000,53.617000,3.569000,4.371000
RACg,14.800000,46.000000,12.641000,8.326400,10.536000,45.835000,6.569000,3.967000
RFrP,22.600000,60.300000,36.097000,39.240400,17.858000,59.954000,14.622000,3.236000
RASMA,14.500000,35.600000,20.990000,18.724300,11.104000,35.628000,7.486000,3.618000
RAIn,14.300000,84.300000,26.952000,19.393500,13.068000,84.892000,5.773000,7.295000
RPIn,14.800000,93.300000,3.829000,2.661600,9.756000,92.117000,5.977000,3.779000
