label,scalp_dura,trajectory,entry_ang,skull_ang,skull_thickness_mesh,traj_len_corr,skull_thickness_rater,thickness_diff
LPHc,19.200000,52.100000,28.385000,35.947100,3.137000,57.095000,5.458000,-2.321000
LOc,17.000000,43.100000,47.416000,47.976200,4.489000,44.053000,4.036000,0.453000
LPaOc,21.000000,37.500000,29.812000,25.751400,4.141000,44.486000,5.537000,-1.396000
LPOpCg,18.400000,43.400000,9.908000,8.044900,3.268000,48.257000,3.268000,0.000000
LFOpCg,20.200000,38.500000,11.560000,26.420300,3.171000,44.416000,4.198000,-1.027000
LFrOp,17.200000,39.500000,21.398000,23.589900,5.330000,43.077000,3.541000,1.789000
LAFr,14.500000,41.700000,39.115000,11.910900,5.316000,42.841000,1.606000,3.710000
LOFr,16.500000,44.300000,24.420000,31.810200,5.902000,44.920000,2.234000,3.668000
LTePo,19.700000,28.400000,26.612000,43.219900,3.207000,29.007000,2.090000,1.117000
