label,scalp_dura,trajectory,entry_ang,skull_ang,skull_thickness_mesh,traj_len_corr,skull_thickness_rater,thickness_diff
RAm,16.000000,51.300000,,33.322100,2.967000,51.486000,0.913000,2.054000
RAHc,19.700000,44.800000,,31.404200,8.336000,45.389000,6.307000,2.029000
RPHc,13.000000,51.000000,,8.144600,4.561000,49.224000,1.716000,2.845000
RAOFr,19.700000,56.900000,46.952000,34.811100,9.442000,50.364000,5.543000,3.899000
RPOFr,18.600000,60.400000,36.871000,35.137200,7.284000,60.082000,4.132000,3.152000
RInfTe,13.400000,42.400000,,28.116600,3.689000,41.745000,1.302000,2.387000
RAIn,24.600000,76.200000,30.382000,39.699900,15.590000,74.180000,10.027000,5.563000
