label,scalp_dura,trajectory,entry_ang,skull_ang,skull_thickness_mesh,traj_len_corr,skull_thickness_rater,thickness_diff
LAm,14.200000,44.400000,21.018000,27.939600,2.422000,45.781000,1.198000,1.224000
LAHc,12.000000,43.900000,14.308000,26.782200,2.596000,44.519000,1.213000,1.383000
LPHc,13.100000,43.100000,7.087000,4.962300,4.530000,44.211000,2.368000,2.162000
LPTMOc,20.500000,47.300000,37.270000,24.980200,9.895000,49.058000,7.251000,2.644000
LPrCeP,15.700000,57.900000,27.855000,30.730900,4.667000,58.911000,2.837000,1.830000
LPaPCg,16.700000,49.800000,17.273000,16.219800,5.386000,52.009000,4.503000,0.883000
LOc,19.700000,47.100000,33.781000,32.665400,7.162000,47.940000,6.698000,0.464000
ROc,17.100000,51.400000,31.065000,29.912700,8.225000,51.786000,5.201000,3.024000
