label,scalp_dura,trajectory,entry_ang,skull_ang,skull_thickness_mesh,traj_len_corr,skull_thickness_rater,thickness_diff
RAm,15.600000,45.300000,50.464000,41.069400,1.723000,36.003000,2.673000,-0.950000
RAHc,10.000000,49.800000,18.005000,50.597900,2.755000,45.280000,1.271000,1.484000
RPHc,10.800000,50.700000,6.532000,26.226900,4.069000,51.373000,2.669000,1.400000
RAOFr,12.000000,47.600000,22.066000,,,,,
RPOFr,11.700000,56.100000,26.943000,27.441900,3.933000,5.600000,1.543000,2.390000
RAIn,22.000000,58.000000,26.089000,31.928000,9.946000,61.233000,5.954000,3.992000
RPIn,20.500000,94.700000,20.465000,19.088200,9.333000,94.889000,9.333000,0.000000
