label,scalp_dura,trajectory,entry_ang,skull_ang,skull_thickness_mesh,traj_len_corr,skull_thickness_rater,thickness_diff
LAm,13.300000,46.500000,16.850000,19.692100,1.583000,46.464000,1.583000,0.000000
LAHc,11.600000,46.200000,22.825000,24.380200,1.940000,46.211000,1.618000,0.322000
LPHc,10.500000,48.500000,15.722000,14.239500,4.419000,49.022000,3.437000,0.982000
LOpCg,16.600000,62.000000,12.118000,3.288400,6.725000,63.058000,6.805000,-0.080000
LPrC,11.900000,46.800000,10.088000,9.013600,4.139000,47.383000,4.204000,-0.065000
LOc,10.800000,45.000000,28.265000,29.057100,4.313000,44.657000,2.422000,1.891000
LPIn,14.200000,88.600000,21.486000,29.242400,5.871000,88.468000,5.727000,0.144000
LAIn,15.800000,66.200000,23.812000,32.558700,11.925000,67.700000,8.389000,3.536000
RAHc,10.700000,47.200000,20.635000,17.373700,1.875000,48.131000,1.558000,0.317000
