label,scalp_dura,trajectory,entry_ang,skull_ang,skull_thickness_mesh,traj_len_corr,skull_thickness_rater,thickness_diff
RASSMA,13.400000,36.500000,3.576000,25.512300,0.495000,38.067000,6.948000,-6.453000
RMidSSMA,17.000000,33.300000,47.601000,19.375900,18.017000,29.714000,10.804000,7.213000
RPSSMA,16.800000,33.300000,12.827000,33.352600,11.745000,33.251000,11.143000,0.602000
RPreCen,16.900000,43.900000,,30.138700,0.360000,45.930000,9.366000,-9.006000
RPCen,12.700000,63.100000,29.072000,30.174000,6.062000,63.085000,3.636000,2.426000
RParacenLob,21.300000,32.700000,40.231000,31.078300,21.368000,31.836000,11.791000,9.577000
RAPrC,17.100000,42.500000,11.485000,11.924600,10.305000,42.731000,9.096000,1.209000
RPPrC,15.500000,45.000000,8.207000,13.760800,12.098000,42.779000,8.269000,3.829000
RAHc,8.800000,38.000000,17.669000,22.831900,3.093000,37.182000,1.352000,1.741000
