label,scalp_dura,trajectory,entry_ang,skull_ang,skull_thickness_mesh,traj_len_corr,skull_thickness_rater,thickness_diff
RAm,16.300000,48.900000,25.360000,20.385900,3.187000,51.144000,1.422000,1.765000
RAHc,13.500000,49.300000,21.597000,16.206100,3.254000,50.583000,1.732000,1.522000
RPHc,16.400000,49.000000,8.338000,24.968000,6.254000,50.008000,4.883000,1.371000
ROFr,14.600000,47.500000,27.015000,25.852200,5.435000,48.046000,3.105000,2.330000
RFrLs,14.500000,69.600000,13.890000,15.708900,7.949000,69.716000,6.101000,1.848000
RAIn,14.600000,80.500000,18.203000,29.826800,8.376000,80.332000,5.655000,2.721000
LFrLs,14.500000,69.600000,22.627000,22.689800,10.824000,39.659000,6.448000,4.376000
LAHc,13.600000,48.800000,9.713000,3.139000,1.871000,50.613000,1.243000,0.628000
LMidFr,11.800000,39.900000,5.511000,13.632600,4.514000,42.176000,2.683000,1.831000
