label,scalp_dura,trajectory,entry_ang,skull_ang,skull_thickness_mesh,traj_len_corr,skull_thickness_rater,thickness_diff
LAOFr,13.400000,55.200000,31.218000,37.709600,7.480000,56.182000,6.749000,0.731000
LAm,12.300000,50.200000,15.956000,13.855300,3.352000,51.428000,1.924000,1.428000
LAHc,8.400000,47.800000,15.058000,18.089600,4.297000,47.003000,1.390000,2.907000
LPHc,11.100000,51.600000,10.297000,8.283700,5.735000,52.111000,4.397000,1.338000
LInfTe,11.400000,44.400000,11.620000,5.161400,6.919000,44.362000,5.443000,1.476000
LAIn,18.000000,76.000000,32.945000,22.213100,14.493000,72.934000,10.496000,3.997000
LOpMIn,12.800000,31.300000,13.634000,15.693400,6.756000,31.381000,4.907000,1.849000
LPIn,14.800000,96.600000,25.324000,23.421500,11.215000,93.654000,7.337000,3.878000
RAIn,17.000000,77.800000,46.484000,29.116900,10.438000,77.690000,8.964000,1.474000
