label,scalp_dura,trajectory,entry_ang,skull_ang,skull_thickness_mesh,traj_len_corr,skull_thickness_rater,thickness_diff
LAm,10.100000,44.800000,19.282000,27.656700,2.646000,46.908000,0.985000,1.661000
LAHc,9.200000,47.600000,24.626000,19.359300,3.048000,48.240000,1.156000,1.892000
LPHc,8.500000,52.300000,12.606000,20.739700,1.998000,53.700000,2.521000,-0.523000
LOFr,7.500000,54.800000,31.527000,48.671000,4.345000,53.934000,1.659000,2.686000
LACg,6.300000,51.500000,23.520000,26.243600,4.141000,53.099000,2.729000,1.412000
LAIn,14.500000,79.500000,41.234000,56.068100,10.709000,84.275000,7.399000,3.310000
LPIn,14.800000,75.800000,33.319000,37.072500,8.237000,80.347000,9.171000,-0.934000
