label,scalp_dura,trajectory,entry_ang,skull_ang,skull_thickness_mesh,traj_len_corr,skull_thickness_rater,thickness_diff
RAOFr,14.500000,57.500000,32.986000,34.418300,10.284000,56.244000,7.753000,2.531000
RPOFr,16.600000,60.600000,35.578000,53.148800,3.022000,60.173000,1.846000,1.176000
RAm,12.120000,50.200000,21.321000,17.460300,2.975000,49.343000,1.144000,1.831000
RAHc,13.400000,51.100000,24.516000,20.719800,1.569000,52.098000,1.427000,0.142000
RPHc,13.850000,50.500000,9.905000,15.057200,4.643000,51.365000,3.974000,0.669000
RFrOp,14.450000,26.500000,,22.695600,4.959000,26.475000,3.203000,1.756000
RTeOc,11.000000,55.200000,,18.871700,4.860000,55.257000,3.593000,1.267000
RAIn,12.800000,80.100000,34.598000,37.869900,10.490000,75.805000,5.723000,4.767000
RPIn,15.000000,97.500000,16.472000,42.097200,6.644000,92.737000,5.405000,1.239000
