label,scalp_dura,trajectory,entry_ang,skull_ang,skull_thickness_mesh,traj_len_corr,skull_thickness_rater,thickness_diff
LAHc,16.000000,48.200000,30.421000,26.197300,5.862000,48.783000,4.054000,1.808000
LPHc,8.500000,48.400000,14.964000,13.205200,3.263000,47.793000,1.594000,1.669000
LPCg,11.300000,59.200000,3.774000,8.634200,6.856000,58.890000,4.526000,2.330000
LTOcGy,10.200000,51.100000,13.350000,15.333200,7.342000,47.010000,4.911000,2.431000
LL,12.200000,53.800000,17.678000,13.253800,6.543000,52.766000,5.129000,1.414000
LAIn,16.000000,81.900000,28.551000,21.519600,12.920000,79.369000,7.972000,4.948000
LMIn,16.000000,82.700000,37.011000,29.173300,10.439000,82.191000,8.362000,2.077000
LPIn,14.300000,84.600000,28.832000,22.909200,10.155000,82.945000,7.859000,2.296000
