label,scalp_dura,trajectory,entry_ang,skull_ang,skull_thickness_mesh,traj_len_corr,skull_thickness_rater,thickness_diff
LAm,17.800000,46.800000,27.744000,36.943500,2.203000,48.959000,2.378000,-0.175000
LAHc,17.800000,47.600000,32.653000,37.961500,6.141000,47.681000,4.318000,1.823000
LPHc,14.000000,46.500000,5.730000,10.489300,4.256000,46.896000,2.960000,1.296000
LOFr,19.600000,46.500000,21.807000,46.419700,8.483000,50.082000,9.907000,-1.424000
LACg,19.100000,34.600000,22.334000,23.376300,7.149000,39.572000,9.342000,-2.193000
LAIn,15.100000,75.400000,18.753000,39.065000,8.711000,74.207000,8.308000,0.403000
LPIn,16.400000,89.400000,31.015000,34.774700,6.513000,91.251000,5.825000,0.688000
LFrO,16.800000,26.700000,20.342000,16.887900,6.028000,27.011000,3.879000,2.149000
