label,scalp_dura,trajectory,entry_ang,skull_ang,skull_thickness_mesh,traj_len_corr,skull_thickness_rater,thickness_diff
LAm,14.200000,47.600000,28.229000,43.097800,2.346000,49.174000,1.510000,0.836000
LAHc,12.430000,48.000000,18.349000,23.856300,2.533000,48.741000,1.500000,1.033000
LPT1,10.100000,27.500000,4.182000,10.843800,4.303000,28.671000,3.154000,1.149000
LPHc,12.200000,48.300000,16.170000,20.905700,4.847000,49.317000,4.639000,0.208000
LPTe,9.300000,44.300000,5.759000,15.863200,4.771000,43.956000,4.418000,0.353000
LPTeOc,11.600000,20.900000,2.120000,12.373700,5.945000,21.627000,5.412000,0.533000
LOcPo,16.400000,36.900000,23.333000,30.443100,5.803000,39.320000,4.382000,1.421000
LOc,13.200000,50.300000,30.825000,40.922300,8.814000,49.578000,6.996000,1.818000
