label,scalp_dura,trajectory,entry_ang,skull_ang,skull_thickness_mesh,traj_len_corr,skull_thickness_rater,thickness_diff
RAm,16.500000,43.400000,16.954000,45.907700,2.667000,44.686000,2.194000,0.473000
ROFr,16.800000,54.000000,15.580000,29.335900,5.004000,53.625000,1.678000,3.326000
RAHc,13.300000,48.300000,21.816000,23.936200,4.932000,48.516000,3.291000,1.641000
RPHc,12.800000,45.700000,8.359000,6.660500,5.355000,46.025000,3.004000,2.351000
RIn,14.000000,36.000000,13.240000,11.133800,5.727000,23.934000,4.332000,1.395000
RPTe,17.300000,35.700000,33.569000,29.876100,8.229000,36.029000,6.755000,1.474000
RAIn,17.600000,73.300000,27.752000,27.439700,12.843000,73.752000,9.819000,3.024000
LAHc,13.700000,44.800000,2.721000,11.768500,2.310000,45.697000,1.193000,1.117000
RPIn,19.900000,94.400000,32.439000,26.306400,11.211000,93.460000,8.010000,3.201000
