label,scalp_dura,trajectory,entry_ang,skull_ang,skull_thickness_mesh,traj_len_corr,skull_thickness_rater,thickness_diff
RHsGy,16.900000,29.500000,38.734000,42.403500,4.155000,30.839000,3.579000,0.576000
RPCPCg,11.800000,55.400000,3.897000,6.377700,5.876000,55.760000,2.879000,2.997000
RPaPCg,13.900000,55.700000,17.586000,18.938300,6.949000,55.690000,5.158000,1.791000
RPHc,13.900000,55.700000,24.410000,18.733800,7.932000,56.309000,5.290000,2.642000
RPIn,18.400000,100.100000,21.845000,15.310400,13.130000,99.934000,9.373000,3.757000
RSPa,14.100000,27.500000,17.734000,27.776000,5.102000,27.209000,3.712000,1.390000
ROpIn,13.700000,26.300000,19.671000,29.774600,7.450000,26.841000,5.365000,2.085000
