label,scalp_dura,trajectory,entry_ang,skull_ang,skull_thickness_mesh,traj_len_corr,skull_thickness_rater,thickness_diff
LAm,12.600000,54.100000,23.644000,19.215800,1.059000,54.914000,1.655000,-0.596000
LAHc,14.400000,49.200000,10.754000,31.511700,3.744000,49.430000,3.558000,0.186000
LPHc,14.200000,50.300000,4.798000,3.692800,5.168000,51.224000,3.845000,1.323000
LAIn,17.300000,80.000000,28.269000,41.516400,8.183000,79.529000,7.177000,1.006000
LPIn,23.400000,90.300000,35.114000,31.233200,12.988000,90.542000,11.760000,1.228000
LTOHet,17.200000,39.300000,3.101000,31.432000,6.825000,40.231000,6.637000,0.188000
LPCg,16.400000,56.700000,12.286000,5.125300,6.580000,57.329000,6.704000,-0.124000
LInfTe,14.000000,53.700000,4.610000,19.107600,6.631000,53.864000,4.979000,1.652000
RPHc,14.500000,45.800000,46.234000,79.084000,7.175000,46.306000,3.836000,3.339000
