label,scalp_dura,trajectory,entry_ang,skull_ang,skull_thickness_mesh,traj_len_corr,skull_thickness_rater,thickness_diff
LAm,,,13.078000,14.851000,3.130000,55.038000,1.625000,1.505000
LPHc,,,14.298000,12.911000,5.139000,48.848000,2.383000,2.756000
LAHc,,,21.236000,26.276000,3.986000,51.917000,2.562000,1.424000
LAOFr,,,10.998000,33.901600,7.666000,45.933000,5.342000,2.324000
LPOFr,,,37.442000,42.029100,7.465000,58.454000,5.042000,2.423000
LAIn,,,25.659000,26.201900,13.614000,101.555000,8.737000,4.877000
