label,scalp_dura,trajectory,entry_ang,skull_ang,skull_thickness_mesh,traj_len_corr,skull_thickness_rater,thickness_diff
LPHc,,48.500000,22.878000,21.192300,6.681000,47.876000,3.363000,3.318000
LPOFr,,62.800000,29.386000,40.445600,5.212000,64.038000,4.555000,0.657000
LAOFr,,54.000000,22.533000,36.956400,5.604000,55.076000,4.207000,1.397000
LAIn,,75.700000,20.137000,28.272300,10.802000,78.178000,10.595000,0.207000
LMesFr,,73.700000,29.728000,29.219100,11.726000,74.789000,10.832000,0.894000
LAm,,41.500000,36.893000,42.039500,5.691000,41.539000,2.555000,3.136000
LAHc,,43.600000,17.678000,24.897400,4.833000,43.642000,2.826000,2.007000
LTePo,,28.400000,43.370000,88.407300,3.517000,29.885000,1.894000,1.623000
