label,scalp_dura,trajectory,entry_ang,skull_ang,skull_thickness_mesh,traj_len_corr,skull_thickness_rater,thickness_diff
LFrO,10.600000,20.800000,21.865000,24.604200,3.918000,22.386000,3.417000,0.501000
LHs,10.800000,27.000000,33.143000,40.964900,4.214000,27.832000,3.904000,0.310000
LTeP,11.800000,31.400000,15.306000,21.858800,4.179000,31.900000,3.620000,0.559000
LAHc,16.400000,50.700000,41.136000,44.687500,5.844000,52.217000,4.860000,0.984000
LPHc,13.900000,40.200000,12.431000,12.142600,6.022000,40.726000,5.077000,0.945000
LAIn,19.200000,67.900000,23.117000,31.396600,10.791000,70.233000,10.785000,0.006000
LPIn,19.200000,87.100000,17.946000,16.786300,9.588000,88.423000,9.050000,0.538000
RAm,13.300000,39.500000,23.064000,25.525500,0.375000,40.866000,1.879000,-1.504000
RAHc,12.300000,44.400000,21.979000,25.072900,4.329000,44.553000,4.068000,0.261000
