label,scalp_dura,trajectory,entry_ang,skull_ang,skull_thickness_mesh,traj_len_corr,skull_thickness_rater,thickness_diff
RAm,14.100000,39.300000,14.928000,35.629800,6.217000,39.419000,1.698000,4.519000
RAHc,13.500000,40.100000,19.795000,23.887400,3.939000,40.633000,2.106000,1.833000
RPHc,12.500000,45.100000,17.119000,25.837400,4.251000,45.162000,2.764000,1.487000
LAm,15.100000,38.300000,16.291000,43.296200,3.905000,40.171000,1.462000,2.443000
LAHc,14.100000,39.900000,17.281000,22.051600,6.236000,40.996000,1.650000,4.586000
LPHc,13.200000,42.400000,12.299000,10.090200,4.373000,43.501000,1.390000,2.983000
