label,scalp_dura,trajectory,entry_ang,skull_ang,skull_thickness_mesh,traj_len_corr,skull_thickness_rater,thickness_diff
RT1Am,18.200000,28.500000,,16.221900,5.750000,19.185000,4.001000,1.749000
RT2Am,19.800000,18.400000,16.311000,9.013000,7.336000,29.909000,6.151000,1.185000
RPCg,16.300000,56.500000,12.113000,12.250300,7.314000,53.991000,5.327000,1.987000
RSMCg,17.800000,62.900000,5.274000,5.203900,7.307000,64.023000,5.067000,2.240000
RACg,20.400000,44.300000,19.203000,33.050100,8.034000,45.922000,3.647000,4.387000
RAIn,22.900000,70.200000,19.602000,32.337500,16.272000,72.630000,9.709000,6.563000
RPIn,23.900000,93.300000,33.411000,30.037300,19.205000,92.328000,13.205000,6.000000
LAHc,20.800000,45.300000,16.838000,22.832400,4.907000,46.553000,3.241000,1.666000
